{"cameraMode":{"drawMode":0,"name":"Shaded","section":"Shading Mode"},"sceneLighting":true,"audioPlay":false,"sceneViewState":{"m_AlwaysRefresh":false,"showFog":true,"showSkybox":true,"showFlares":true,"showImageEffects":true,"showParticleSystems":true,"showVisualEffectGraphs":true,"m_FxEnabled":false},"in2DMode":false,"pivot":{"x":0.42267435789108279,"y":1.6516202688217164,"z":0.368308424949646},"rotation":{"x":0.0029853451997041704,"y":0.09764232486486435,"z":-0.000299242528853938,"w":0.9952347874641419},"size":0.4649184048175812,"orthographic":false}